split,field,count,mean,median,p95,p99,max,truncated_count,limit
train,goal,14501,8.299220743397006,8.0,16.0,20.0,37,0,40
train,sol1,14501,22.274877594648643,14.0,65.0,108.0,492,210,96
train,sol2,14501,22.27908420108958,14.0,64.0,108.0,492,216,96
train,candidates_combined,29002,22.276980897869112,14.0,64.0,108.0,492,426,96
validation,goal,1612,8.524813895781637,8.0,16.0,21.0,33,0,40
validation,sol1,1612,22.69727047146402,15.0,66.0,111.66999999999962,257,21,96
validation,sol2,1612,22.722084367245657,15.0,65.44999999999982,112.0,257,23,96
validation,candidates_combined,3224,22.70967741935484,15.0,66.0,112.0,257,44,96
test,goal,1838,8.465179542981502,8.0,16.0,21.0,28,0,40
test,sol1,1838,22.190968443960827,15.0,65.0,104.0,223,29,96
test,sol2,1838,22.24972796517954,15.0,65.0,106.0,222,29,96
test,candidates_combined,3676,22.220348204570186,15.0,65.0,105.25,223,58,96
