model,from scratch,val acc,val std,test acc,test std,representative_seed_test_CI95,representative_seed_McNemar_p,parameters,representative_seed,representative_test_accuracy,Holm_p_12_comparisons,provenance
DACT (full),True,0.6009098428453267,0.006574902024642,0.6037359448676097,0.0117364451848845,"[0.567, 0.612]",,6114628.0,44.0,0.5903155603917302,,historical saved results; CIs/p-values not re-derived from predictions
− difference tags,True,0.5897435897435898,0.0015611733737118,0.6051867972433804,0.0048764344068729,"[0.587, 0.630]",0.175856559671478,6113860.0,42.0,0.6082698585418934,0.8163411140224488,historical saved results; CIs/p-values not re-derived from predictions
− cross-solution attention,True,0.6004962779156328,0.0027040316026927,0.6173376858904606,0.0074267664959895,"[0.587, 0.631]",0.118873714062723,5522244.0,44.0,0.6088139281828074,0.8163411140224488,historical saved results; CIs/p-values not re-derived from predictions
− diff bias in pooling,True,0.5942928039702232,0.0101555245308591,0.6149800507798332,0.0127053172928088,"[0.596, 0.639]",0.0169633321397727,6114628.0,44.0,0.6175190424374319,0.1526699892579543,historical saved results; CIs/p-values not re-derived from predictions
mean pooling,True,0.598014888337469,0.0075468517745635,0.6146173376858904,0.0105545770960837,"[0.585, 0.629]",0.1321011258488751,6114628.0,44.0,0.6077257889009793,0.8163411140224488,historical saved results; CIs/p-values not re-derived from predictions
pointwise objective,True,0.6007030603804797,0.0045726518584565,0.6091766412767502,0.008676731022057,"[0.583, 0.627]",0.2308747582101989,6114628.0,42.0,0.6050054406964092,0.8163411140224488,historical saved results; CIs/p-values not re-derived from predictions
vanilla Transformer,True,0.5787841191066998,0.0091382877559902,0.5870511425462459,0.0094861783319709,"[0.572, 0.615]",0.8277686339684476,5521476.0,42.0,0.5935799782372143,0.8474663740731798,historical saved results; CIs/p-values not re-derived from predictions
− MLM warm-up,True,0.5913978494623656,0.0037392765343311,0.6137105549510338,0.01246620156408,"[0.589, 0.633]",0.0945243265147021,6114628.0,44.0,0.6109902067464635,0.7561946121176168,historical saved results; CIs/p-values not re-derived from predictions
B2 BiLSTM + attention,True,0.5957402812241522,0.011528006505183,0.5953935437069279,0.0096153182022571,"[0.579, 0.625]",0.4237331870365899,5072385.0,44.0,0.6017410228509249,0.8474663740731798,historical saved results; CIs/p-values not re-derived from predictions
B0 majority,True,0.5,,0.5048966267682263,,"[0.482, 0.527]",2.4217158196446895e-07,,,,2.4217158196446894e-06,historical saved results; CIs/p-values not re-derived from predictions
B1 TF-IDF + LR,True,0.5924317617866005,,0.6120783460282916,,"[0.590, 0.634]",0.1166201591460641,,,,0.8163411140224488,historical saved results; CIs/p-values not re-derived from predictions
B3 RoBERTa-base (fine-tuned),False,0.7003722084367245,,0.6849836779107725,,"[0.664, 0.706]",1.1801513401526918e-10,,,,1.298166474167961e-09,historical saved results; CIs/p-values not re-derived from predictions
B4 Qwen2.5-1.5B (zero-shot),False,0.7810173697270472,,0.7535364526659413,,"[0.734, 0.773]",5.5231932758448336e-27,,,,6.6278319310138e-26,historical saved results; CIs/p-values not re-derived from predictions
