experiment,ablation,params,delta_params,val_delta_points,val_mcnemar_b_dact_only,val_mcnemar_c_ablation_only,val_mcnemar_p,val_all_seeds_below_all_full_seeds,test_delta_points,test_mcnemar_b_dact_only,test_mcnemar_c_ablation_only,test_mcnemar_p,test_all_seeds_below_all_full_seeds,val_mcnemar_p_holm,test_mcnemar_p_holm
abl0,− difference tags,1927108,-384,-0.2481389578163684,145,135,0.5907577538933596,False,-1.305767138193692,168,147,0.2597629038281643,False,1.0,1.0
abl1,− cross-solution attention,1778756,-148736,0.5789909015715411,121,133,0.4901429255557439,False,-0.6347479143997137,153,150,0.9085515990423667,False,1.0,1.0
abl2,− diff bias in pooling,1927492,0,0.14474772539289082,111,106,0.7860523224857786,False,-0.5984766050054491,135,130,0.805957032998993,True,1.0,1.0
abl3,mean pooling,1927492,0,-0.18610421836228186,104,95,0.5707535104620824,False,0.16322089227420733,129,122,0.7049788217797028,False,1.0,1.0
abl4,pointwise objective,1927492,0,-1.6542597187758523,128,102,0.09904965736781343,True,-1.3601741022851055,143,117,0.12087006495554714,True,0.7923972589425075,0.9669605196443771
abl5,vanilla Transformer,1516228,-411264,-3.742762613730355,244,189,0.009378112025049694,True,-4.261878853826628,294,231,0.006756155887786773,True,0.08440300822544725,0.060805402990080956
abl6,− lexical head,1665348,-262144,-2.336641852770882,174,146,0.13108217841061773,True,-0.3083061298512879,181,190,0.6779503057465476,False,0.9175752488743241,1.0
abl7,− MLM warm-up,1927492,0,0.08271298593879317,105,108,0.8910428288985554,False,-0.29017047515416117,124,115,0.6049162086884319,False,1.0,1.0
abl8,diff-bias prior 0,1927492,0,0.16542597187758634,109,105,0.8375731060432168,False,-0.6528835690968515,134,130,0.8535579832810389,False,1.0,1.0
