check,value
duplicate_rows_within_training_file,6
test_items_identical_to_training_item,1
duplicate_test_index,1545
test_items_tags_change_when_swapped_current_pipeline,102
test_items_tags_change_when_swapped_symmetric,0
test_items_identical_encoded_inputs,0
dact_seed42_best_epoch,3
dact_seed42_train_acc_at_best_epoch,0.8497
dact_seed42_val_acc_at_best_epoch,0.6185
dact_seed42_train_acc_last_epoch,0.9748
dact_seed43_best_epoch,5
dact_seed43_train_acc_at_best_epoch,0.922
dact_seed43_val_acc_at_best_epoch,0.6092
dact_seed43_train_acc_last_epoch,0.9831
dact_seed44_best_epoch,3
dact_seed44_train_acc_at_best_epoch,0.8464
dact_seed44_val_acc_at_best_epoch,0.611
dact_seed44_train_acc_last_epoch,0.9746
