model,from scratch,n seeds,val acc,val std,test acc,test std,test 95% CI,McNemar p vs DACT,note
DACT (full),True,3,0.6129032258064516,0.004923854797266581,0.6186071817192601,0.0030292515575788817,"[0.596, 0.640]",,
− difference tags,True,3,0.6104218362282879,0.002236694339617873,0.6055495103373232,0.011464258708218445,"[0.585, 0.628]",0.2597629038281643,
− cross-solution attention,True,3,0.618693134822167,0.00819077846167844,0.612259702575263,0.0067590297981806845,"[0.595, 0.639]",0.9085515990423667,
− diff bias in pooling,True,3,0.6143507030603805,0.0009475962975508382,0.6126224156692056,0.004249319736619538,"[0.593, 0.637]",0.805957032998993,
mean pooling,True,3,0.6110421836228288,0.002236694339617873,0.6202393906420022,0.005358464527636601,"[0.592, 0.636]",0.7049788217797028,
pointwise objective,True,3,0.5963606286186931,0.006213804467045794,0.605005440696409,0.002878945931517547,"[0.582, 0.626]",0.12087006495554714,
vanilla Transformer,True,3,0.5754755996691481,0.010085813398062176,0.5759883931809938,0.009584483323702386,"[0.561, 0.605]",0.006756155887786773,
− lexical head,True,3,0.5895368072787428,0.010104873219909525,0.6155241204207472,0.00792799890982753,"[0.601, 0.643]",0.6779503057465476,
− MLM warm-up,True,3,0.6137303556658396,0.0071899663567881345,0.6157054769677185,0.0068891621012776945,"[0.592, 0.635]",0.6049162086884319,
diff-bias prior 0,True,3,0.6145574855252275,0.0012913560790732467,0.6120783460282916,0.003567703223232839,"[0.594, 0.638]",0.8535579832810389,
B2 BiLSTM + attention,True,3,0.5928453267162945,0.006833214078518688,0.5872324990932173,0.011207482448661835,"[0.572, 0.618]",0.09232328701101944,
B0 majority,True,1,0.5,,0.5048966267682263,,"[0.482, 0.527]",4.197642878550512e-12,single run: no seed std
B1 TF-IDF + LR,True,1,0.5924317617866005,,0.6120783460282916,,"[0.590, 0.634]",0.6175695386203653,single run: no seed std
B3 RoBERTa-base (fine-tuned),False,3,0.5916046319272126,0.0577234278420507,0.5729053318824809,0.06909684439608266,"[0.624, 0.666]",0.06546759355406306,
B4 Qwen2.5-1.5B (zero-shot),False,1,0.7816377171215881,,0.750816104461371,,"[0.731, 0.770]",2.9020988865182187e-18,single run: no seed std
