run,log,epochs,acc_rule_epoch,acc_rule_val_acc,loss_rule_epoch,loss_rule_val_acc,difference_points
T4 b880108,abl0_seed42,10,4,0.6079,2,0.598,0.99
T4 b880108,abl0_seed43,10,4,0.611,2,0.6017,0.93
T4 b880108,abl0_seed44,12,6,0.6123,2,0.5918,2.05
T4 b880108,abl1_seed42,12,6,0.6259,2,0.6017,2.42
T4 b880108,abl1_seed43,12,6,0.6203,1,0.5769,4.34
T4 b880108,abl1_seed44,11,5,0.6098,2,0.6079,0.19
T4 b880108,abl2_seed42,9,3,0.6135,2,0.6036,0.99
T4 b880108,abl2_seed43,12,6,0.6141,2,0.5955,1.86
T4 b880108,abl2_seed44,9,3,0.6154,2,0.6061,0.93
T4 b880108,abl3_seed42,11,5,0.6117,2,0.5955,1.61
T4 b880108,abl3_seed43,10,4,0.6129,2,0.5931,1.99
T4 b880108,abl3_seed44,10,4,0.6086,2,0.5993,0.93
T4 b880108,abl4_seed42,9,3,0.6024,1,0.5819,2.05
T4 b880108,abl4_seed43,9,3,0.5968,1,0.5713,2.54
T4 b880108,abl4_seed44,8,2,0.59,1,0.5707,1.92
T4 b880108,abl5_seed42,10,4,0.5844,2,0.5658,1.86
T4 b880108,abl5_seed43,9,3,0.5775,2,0.5627,1.49
T4 b880108,abl5_seed44,8,2,0.5645,2,0.5645,0.0
T4 b880108,abl6_seed42,10,4,0.6011,2,0.5924,0.87
T4 b880108,abl6_seed43,8,2,0.585,2,0.585,0.0
T4 b880108,abl6_seed44,14,8,0.5825,2,0.5775,0.5
T4 b880108,abl7_seed42,11,5,0.6148,1,0.5993,1.55
T4 b880108,abl7_seed43,10,4,0.6203,2,0.5993,2.11
T4 b880108,abl7_seed44,10,4,0.6061,2,0.6055,0.06
T4 b880108,abl8_seed42,9,3,0.6135,2,0.6036,0.99
T4 b880108,abl8_seed43,12,6,0.6141,2,0.5955,1.86
T4 b880108,abl8_seed44,9,3,0.616,2,0.6061,0.99
T4 b880108,b2_bilstm_seed42,11,5,0.585,5,0.585,0.0
T4 b880108,b2_bilstm_seed43,17,11,0.5974,5,0.5769,2.05
T4 b880108,b2_bilstm_seed44,15,9,0.5962,6,0.5844,1.18
T4 b880108,dact_full_seed42,9,3,0.6185,2,0.5962,2.23
T4 b880108,dact_full_seed43,11,5,0.6092,2,0.6067,0.25
T4 b880108,dact_full_seed44,9,3,0.611,2,0.6024,0.87
T4 b880108,hp0_seed42,12,6,0.6179,1,0.5937,2.42
T4 b880108,hp1_seed42,11,5,0.6141,1,0.5999,1.43
T4 b880108,hp2_seed42,11,5,0.6079,1,0.5943,1.36
T4 b880108,hp3_seed42,9,3,0.6079,2,0.603,0.5
T4 b880108,hp4_seed42,9,3,0.6185,2,0.5955,2.3
A100 0d70cdc,abl0_seed42,9,3,0.5931,2,0.59,0.31
A100 0d70cdc,abl0_seed43,10,4,0.6017,2,0.5937,0.81
A100 0d70cdc,abl0_seed44,12,6,0.6017,2,0.5937,0.81
A100 0d70cdc,abl1_seed42,12,6,0.5986,2,0.5875,1.12
A100 0d70cdc,abl1_seed43,9,3,0.6129,2,0.5906,2.23
A100 0d70cdc,abl1_seed44,8,2,0.6036,2,0.6036,0.0
A100 0d70cdc,abl2_seed42,10,4,0.6172,2,0.5943,2.3
A100 0d70cdc,abl2_seed43,10,4,0.6141,2,0.5974,1.67
A100 0d70cdc,abl2_seed44,10,4,0.6197,2,0.5962,2.36
A100 0d70cdc,abl3_seed42,10,4,0.6123,2,0.5893,2.3
A100 0d70cdc,abl3_seed43,11,5,0.6141,2,0.5893,2.48
A100 0d70cdc,abl3_seed44,10,4,0.6061,2,0.5943,1.18
A100 0d70cdc,abl4_seed42,11,5,0.6073,1,0.5713,3.6
A100 0d70cdc,abl4_seed43,10,4,0.6017,1,0.5707,3.1
A100 0d70cdc,abl4_seed44,10,4,0.6061,1,0.5726,3.35
A100 0d70cdc,abl5_seed42,10,4,0.5794,2,0.5658,1.36
A100 0d70cdc,abl5_seed43,9,3,0.5875,2,0.5695,1.8
A100 0d70cdc,abl5_seed44,10,4,0.5955,2,0.5676,2.79
A100 0d70cdc,abl6_seed42,11,5,0.6042,2,0.5974,0.68
A100 0d70cdc,abl6_seed43,8,2,0.5931,2,0.5931,0.0
A100 0d70cdc,abl6_seed44,10,4,0.5862,1,0.5316,5.46
A100 0d70cdc,abl7_seed42,10,4,0.6179,2,0.5937,2.42
A100 0d70cdc,abl7_seed43,10,4,0.6129,2,0.5962,1.67
A100 0d70cdc,abl7_seed44,10,4,0.6185,2,0.5962,2.23
A100 0d70cdc,b2_bilstm_seed42,17,11,0.5862,4,0.5527,3.35
A100 0d70cdc,b2_bilstm_seed43,10,4,0.59,4,0.59,0.0
A100 0d70cdc,b2_bilstm_seed44,20,18,0.6086,5,0.5701,3.85
A100 0d70cdc,dact_full_seed42,11,5,0.6148,1,0.603,1.18
A100 0d70cdc,dact_full_seed43,10,4,0.6135,2,0.5924,2.11
A100 0d70cdc,dact_full_seed44,10,4,0.6079,2,0.5912,1.67
A100 0d70cdc,hp0_seed42,11,5,0.6117,1,0.5856,2.61
A100 0d70cdc,hp1_seed42,11,5,0.6148,1,0.6036,1.12
A100 0d70cdc,hp2_seed42,14,8,0.6073,1,0.5912,1.61
A100 0d70cdc,hp3_seed42,8,2,0.6092,1,0.6005,0.87
A100 0d70cdc,hp4_seed42,11,5,0.6098,2,0.5918,1.8
