experiment,n_seeds,test_acc_all_1838,test_acc_without_duplicate_1837,difference_points,duplicate_item_correct_in_seeds
B0_majority,1,0.504897,0.505171,0.0275,0/1
B1_tfidf_lr,1,0.612078,0.611867,-0.0211,1/1
abl0,3,0.606275,0.606061,-0.0214,3/3
abl1,3,0.607363,0.607149,-0.0214,3/3
abl2,3,0.6177,0.617492,-0.0208,3/3
abl3,3,0.609902,0.60969,-0.0212,3/3
abl4,3,0.615705,0.615496,-0.0209,3/3
abl5,3,0.592129,0.592089,-0.0041,2/3
abl6,3,0.611534,0.611323,-0.0211,3/3
abl7,3,0.617338,0.617129,-0.0208,3/3
b2_bilstm,3,0.600653,0.600617,-0.0036,2/3
dact_full,3,0.615705,0.615496,-0.0209,3/3
