model,val acc,val std,test acc,test std,representative seed,representative test acc,representative CI95,McNemar p,Holm p
DACT (full),0.5924317617866005,0.009847709594533162,0.6122597025752629,0.0006282375072792301,42.0,0.6126224156692056,"[0.5892,0.6338]",,
− difference tags,0.5905707196029777,0.008684863523573188,0.6011969532100109,0.011807690105664168,44.0,0.5935799782372143,"[0.5707,0.6159]",0.07579005130564632,0.5305303591395243
− cross-solution attention,0.5868486352357319,0.004342431761786606,0.6051867972433805,0.007965248914036216,43.0,0.6039173014145811,"[0.5811,0.6268]",0.400295955547587,1.0
− diff bias in pooling,0.5897435897435898,0.008802231866746415,0.6035545883206384,0.003187957169250433,42.0,0.6071817192600653,"[0.5849,0.6289]",0.5365946370622452,1.0
mean pooling,0.597187758478081,0.006861315146003729,0.6059122234312658,0.0021988312754773055,43.0,0.6033732317736671,"[0.5811,0.6251]",0.3876622204651905,1.0
pointwise objective,0.5916046319272126,0.008692245474352243,0.6075444323540079,0.005714889828287567,42.0,0.6131664853101197,"[0.5909,0.6344]",1.0,1.0
vanilla Transformer,0.5843672456575683,0.005513768248955085,0.5897714907508161,0.009838488204583854,44.0,0.5805223068552775,"[0.5577,0.6028]",0.003721372399150942,0.029770979193207536
B2 BiLSTM + attention,0.5961538461538461,0.012453387034667947,0.6044613710554951,0.003923341975477699,43.0,0.6011969532100109,"[0.5794,0.6241]",0.41462659366230664,1.0
B0 majority,0.5,,0.5048966267682263,,,,"[0.4820,0.5267]",4.3180871447294354e-11,4.318087144729435e-10
B1 TF-IDF + LR,0.5924317617866005,,0.6120783460282916,,,,"[0.5898,0.6344]",1.0,1.0
B3 RoBERTa-base (fine-tuned),0.6730769230769231,,0.6588683351468988,,,,"[0.6371,0.6795]",0.0016376746378454453,0.014739071740609008
B4 Qwen2.5-1.5B (zero-shot),0.7810173697270472,,0.7535364526659413,,,,"[0.7339,0.7731]",3.296511986582003e-20,3.626163185240203e-19
