model,from scratch,val acc,val std,test acc,test std,test 95% CI,McNemar p vs DACT
DACT (full),True,0.6009098428453267,0.006574902024642087,0.6037359448676097,0.011736445184884594,"[0.567, 0.612]",
− difference tags,True,0.5897435897435898,0.0015611733737118747,0.6051867972433804,0.0048764344068729475,"[0.587, 0.630]",0.17585655967147806
− cross-solution attention,True,0.6004962779156328,0.0027040316026927446,0.6173376858904606,0.0074267664959895355,"[0.587, 0.631]",0.11887371406272308
− diff bias in pooling,True,0.5942928039702232,0.010155524530859161,0.6149800507798332,0.012705317292808832,"[0.596, 0.639]",0.01696333213977275
mean pooling,True,0.598014888337469,0.007546851774563573,0.6146173376858904,0.010554577096083744,"[0.585, 0.629]",0.13210112584887512
pointwise objective,True,0.6007030603804797,0.004572651858456588,0.6091766412767502,0.008676731022057071,"[0.583, 0.627]",0.23087475821019898
vanilla Transformer,True,0.5787841191066998,0.009138287755990203,0.5870511425462459,0.00948617833197097,"[0.572, 0.615]",0.8277686339684476
− MLM warm-up,True,0.5913978494623656,0.003739276534331118,0.6137105549510338,0.012466201564080077,"[0.589, 0.633]",0.09452432651470219
B2 BiLSTM + attention,True,0.5957402812241522,0.011528006505183064,0.5953935437069279,0.00961531820225718,"[0.579, 0.625]",0.42373318703658996
B0 majority,True,0.5,,0.5048966267682263,,"[0.482, 0.527]",2.4217158196446895e-07
B1 TF-IDF + LR,True,0.5924317617866005,,0.6120783460282916,,"[0.590, 0.634]",0.1166201591460641
B3 RoBERTa-base (fine-tuned),False,0.7003722084367245,,0.6849836779107725,,"[0.664, 0.706]",1.1801513401526918e-10
B4 Qwen2.5-1.5B (zero-shot),False,0.7810173697270472,,0.7535364526659413,,"[0.734, 0.773]",5.523193275844834e-27
